--Filmes 

insert into Filmes(Nome,Descricao,Genero,Imagem) values ('Up-Altamente','Carl Fredricksen é um vendedor de balões que, aos 78 anos, está prestes a perder a casa em que sempre viveu com sua esposa, a falecida Ellie. Após um incidente, Carl é considerado uma ameaça pública e forçado a ser internado. Para evitar que isto aconteça, ele põe balões em sua casa, fazendo com que ela levante voo. Carl quer viajar para uma floresta na América do Sul, onde ele e Ellie sempre desejaram morar, mas descobre que um problema embarcou junto: Russell, um menino de 8 anos.','Animação','https://static.wikia.nocookie.net/vozesportuguesas/images/b/b7/Up_-_Altamente.jpg/revision/latest/top-crop/width/360/height/450?cb=20200725214159&path-prefix=pt')
insert into Filmes(Nome,Descricao,Genero,Imagem) values ('Interstellar','As reservas naturais da Terra estão chegando ao fim e um grupo de astronautas recebe a missão de verificar possíveis planetas para receberem a população mundial, possibilitando a continuação da espécie. Cooper é chamado para liderar o grupo e aceita a missão sabendo que pode nunca mais ver os filhos. Ao lado de Brand, Jenkins e Doyle, ele seguirá em busca de um novo lar.','Ficção Cientifica','https://images-na.ssl-images-amazon.com/images/I/71LNVGVpWYL._AC_SL1020_.jpg')
insert into Filmes(Nome,Descricao,Genero,Imagem) values ('Venom','O jornalista Eddie Brock desenvolve força e poder sobre-humanos quando seu corpo se funde com o alienígena Venom. Dominado pela raiva, Venom tenta controlar as novas e perigosas habilidades de Eddie.','Ação','https://images-na.ssl-images-amazon.com/images/I/518jo3Xlf8L._AC_.jpg')
insert into Filmes(Nome,Descricao,Genero,Imagem) values ('O Herói de Hacksaw Ridge','Acompanhe a história de Desmond T. Doss, um médico do exército americano que, durante a Segunda Guerra Mundial, se recusa a pegar em armas. Durante a Batalha de Okinawa ele trabalha na ala médica e salva cerca de 75 homens.','Drama','https://upload.wikimedia.org/wikipedia/pt/a/a0/Hacksaw_Ridge.png')
insert into Filmes(Nome,Descricao,Genero,Imagem) values ('Raya e o Último Dragão','Há muito tempo, no mundo de fantasia de Kumandra, humanos e dragões viviam juntos em harmonia. Mas quando uma força maligna ameaçou a terra, os dragões se sacrificaram para salvar a humanidade. Agora, 500 anos depois, o mesmo mal voltou e cabe a uma guerreira solitária, Raya, rastrear o lendário último dragão para restaurar a terra despedaçada e seu povo dividido.','Aventura','https://bolimg.blob.core.windows.net/producao/imagens/espectaculos/cartaz82306_grande.jpg')
--Historico Filmes

insert into HistoricoF(FilmeID,FilmeNome,IDRegisto,Username,Visto,QuerVer,AVer) values (1,'UP - Altamente',11,'Ronaldo',1,0,0)
insert into HistoricoF(FilmeID,FilmeNome,IDRegisto,Username,Visto,QuerVer,AVer) values (2,'Interstellar',11,'Ronaldo',0,1,0)
insert into HistoricoF(FilmeID,FilmeNome,IDRegisto,Username,Visto,QuerVer,AVer) values (3,'Venom',11,'Ronaldo',0,0,1)
insert into HistoricoF(FilmeID,FilmeNome,IDRegisto,Username,Visto,QuerVer,AVer) values (1,'UP - Altamente',13,'aninhasgameplays',1,0,0)
insert into HistoricoF(FilmeID,FilmeNome,IDRegisto,Username,Visto,QuerVer,AVer) values (2,'Interstellar',13,'aninhasgameplays',0,1,0)
insert into HistoricoF(FilmeID,FilmeNome,IDRegisto,Username,Visto,QuerVer,AVer) values (3,'Venom',13,'aninhasgameplays',0,0,1)

--Series

insert into Series(Nome,Temporada,Descricao,Genero,Imagem) values ('The Walking Dead','10','Baseado na história em quadrinhos escrita por Robert Kirkman, este drama potente e visceral retrata a vida nos Estados Unidos pós-apocalíptico. Um grupo de sobreviventes, liderado pelo policial Rick Grimes, segue viajandoem busca de uma nova moradia segura e distante dos mortos-vivos a pressão para permanecerem vivos e lutarem pela sobrevivência faz com que muitos do grupo sejam submetidosàs mais profundas formas de crueldade humana. Rick acaba descobrindo que o tão assustador desespero pela subsistência pode ser ainda mais fatal do que os próprios mortos-vivos que os rodeiam.','Terror','https://th.bing.com/th/id/R5b449fcd3120fbe75ee04152c83c0565?rik=dI4lynqVS0qpNw&riu=http%3a%2f%2fbr.web.img2.acsta.net%2fpictures%2f17%2f04%2f05%2f11%2f36%2f568191.jpg&ehk=mU7KtifggQeTQL8%2bwRjgvI5SNQwtp6J5S%2b1d0%2fef1L4%3d&risl=&pid=ImgRaw')
insert into Series(Nome,Temporada,Descricao,Genero,Imagem) values ('Ragnarok','2','Ragnarok é uma série de drama e fantasia em língua norueguesa da Netflix, inspirada na mitologia nórdica, que estreou em 31 de janeiro de 2020 é a segunda série de televisão da Netflix em idioma norueguês, depois de Home for Christmas a série é produzida pela produtora dinamarquesa SAM Productions esta serie é ambientada na pequena cidade de Edda, na Noruega, quando o lugar passa a sofrer com invernosmuito quentes e tempestades violentas, um grupo de amigos do ensino médio começa a achar que o Ragnarok, sequência de eventos que levariam ao apocalipse de acordo com a mitologia nórdica, está mais próximo do que eles imaginam, agora, só resta torcer para que alguém consiga impedi-lo.','Drama','https://th.bing.com/th/id/OIP.5ksLIRmtu9QuHmaMiLP7BwHaK-?pid=ImgDet&rs=1')
insert into Series(Nome,Temporada,Descricao,Genero,Imagem) values ('Vis A Vis','4','Vis a Vis segue as desventuras de Macarena Ferreiro, uma jovem ingênua que se apaixonou pelo patrão e agora está presa por causa dele acusada de cometer quatro crimes fiscais, ela precisa enfrentar o choque emocional que é estar na cadeia, enquanto sua família procura um jeito de pagar a fiança e libertá-la da Penitenciária de Cruz del Sur.','Suspense','https://th.bing.com/th/id/OIP.u6btHvnZYTNVYBIms17i1QHaJ4?pid=ImgDet&rs=1')
insert into Series(Nome,Temporada,Descricao,Genero,Imagem) values ('Control Z','1','Control Z é uma série de televisão adolescente mexicana criada por Carlos Quintanilla Sakar, Adriana Pelusi e Miguel García Moreno e desenvolvida pela Lemon Studios para a Netflix, que estreou em 22 de maio de 2020 a primeira temporada da série consiste em oito episódios em control z a rotina do chamado Colegio Nacional vira de cabeca para baixo depois que um hacker divulga um segredo íntimo de uma das alunas, levando a uma mudanca completa na ordem social típica do ensino médio Sofia Herrera (Ana Valeria Becerril), uma adolescente introvertida e nada popular, resolve descobrir a identidade do misterioso transgressor antes que mais vazamentos aconteçam ninguém está a salvo de suspeita.','Drama','https://th.bing.com/th/id/R99b9beaaa7041e655600e47546515391?rik=2noP5hxk77o42Q&riu=http%3a%2f%2fwww.impawards.com%2fintl%2fmexico%2ftv%2fposters%2fcontrol_z_ver12.jpg&ehk=RRBeaGLcQvl1ogMIRxJgRT%2bWx0U%2fN4RTpyB3fmqe598%3d&risl=&pid=ImgRaw')
insert into Series(Nome,Temporada,Descricao,Genero,Imagem) values ('Vikings','6','A série acompanha a saga dos navegadores nórdicos que exploram e conquistam novos territórios nos tempos medievais Vikings segue a vida de Ragnar Lothbrok o maior guerreiro da sua era lider de seu bando, com seus irmãos e sua família,ele ascende ao poder e torna-se Rei da tribo dos vikings além de guerreiro implacável, Ragnar segue as tradições nórdicas e é devoto dos deuses as lendas contam que ele descende diretamente de Odin, o deus da guerra. ','Guerra','https://th.bing.com/th/id/Rb8342431c4fd243e8bff9e1db9724960?rik=0I8UBJgenEjK6g&pid=ImgRaw')
insert into Series(Nome,Temporada,Descricao,Genero,Imagem) values ('La Casa De Papel','4','Em La Casa de Papel da Netflix, nove habilidosos ladrões (Nairóbi, Berlim,Tókyo, Rio, Helsinki, Oslo, Professor,Denver e Moscou) se trancam na Casa da Moeda da Espanha com o ambicioso plano de realizar o maior roubo da história. Para isso,a gangue precisa lidar com as dezenas de pessoas que manteve como refém, além dos agentes da força de elite da polícia, que farão de tudo paraque a investida dos criminosos fracasse.','Assalto','https://th.bing.com/th/id/OIP.tZwFduWsLGsHBg9iIw65yAHaLG?pid=ImgDet&rs=1')
insert into Series(Nome,Temporada,Descricao,Genero,Imagem) values ('The Simpsons','32','Esta comédia animada de enorme sucesso gira em torno da família de mesmo nome que mora na cidade de Springfield, em um estado americano sem nome. O pai, Homer, não é um típico homem de família. Empregado de uma usina nuclear, ele faz o melhor para comandar sua família, mas frequentemente se vê comandado. A família inclui ainda a carinhosa mãe de cabelo azul Marge, o filho encrenqueiro Bart, a talentosa filha Lisa e a bebê Maggie. Outros moradores de Springfield incluem o vizinho religioso da família, Ned Flanders, o médico, Dr. Hibbert,o bartender Moe e o chefe de polícia Clancy Wiggum','Humor','https://i.pinimg.com/736x/c7/b4/b0/c7b4b0c0265a5bc34089e305f507492f.jpg')
insert into Series(Nome,Temporada,Descricao,Genero,Imagem) values ('Game Of Thrones','8','Sucesso entre os livros mais vendidos, a série de obras "A Song of Ice and Fire", de George R.R. Martin, é levada à tela quando HBO decide navegar a fundo pelo gênero e recriar a fantasia medieval épica este é o retrato de duas famílias poderosas reis e rainhas, cavaleiros e renegados, homens honestos e mentirosos disputando um jogo mortal pelo controle dos Sete Reinos de Westeros para assumir o Trono de Ferro. A série foifilmada em Malta e no norte da Irlanda, tendo participação do escritor dos livros.','Ação','https://http2.mlstatic.com/poster-game-of-thrones-md1-D_NQ_NP_785524-MLB26502182321_122017-F.jpg')
insert into Series(Nome,Temporada,Descricao,Genero,Imagem) values ('The Black List','8','Raymond Reddington é um dos criminosos mais procurados pelo FBI até que um dia ele decide se entregar misteriosamente à agência, oferecendo com ele uma lista de importantes nomes da comunidade do crime ele deseja participar ativamente da captura de tais criminosos e faz uma única exigência: só falará com a novata agente Elizabeth Keen.','Crime','https://image.tmdb.org/t/p/original/ENPIR2ihcJXyeD9gGUfvdLgMfk.jpg')
insert into Series(Nome,Temporada,Descricao,Genero,Imagem) values ('Stranger Things','3','Em Stranger Things, quando Will, um menino de 12 anos, desaparece misteriosamente, o xerife Jim Hopper inicia uma operação para encontrá-lo. Enquanto isso, Mike , Dustin  e Lucas , melhores amigos de Will, decidem procurá-lo por conta própria. Mas as investigações acabam levando o grupo a experimentos secretos do governo e a uma peculiar menina perdida na floresta.','Sobrenatural','https://mir-s3-cdn-cf.behance.net/project_modules/max_1200/a8b27683217033.5d35f0314cdc6.jpg')

--Temporada

insert into Temporada(Temporada,Episodios,SerieID) values ('1','6','1')
insert into Temporada(Temporada,Episodios,SerieID) values ('2','13','1')
insert into Temporada(Temporada,Episodios,SerieID) values ('3','16','1')
insert into Temporada(Temporada,Episodios,SerieID) values ('4','16','1')
insert into Temporada(Temporada,Episodios,SerieID) values ('5','16','1')
insert into Temporada(Temporada,Episodios,SerieID) values ('6','16','1')
insert into Temporada(Temporada,Episodios,SerieID) values ('7','16','1')
insert into Temporada(Temporada,Episodios,SerieID) values ('8','16','1')
insert into Temporada(Temporada,Episodios,SerieID) values ('9','16','1')
insert into Temporada(Temporada,Episodios,SerieID) values ('10','22','1')
insert into Temporada(Temporada,Episodios,SerieID) values ('1','6','2')
insert into Temporada(Temporada,Episodios,SerieID) values ('2','6','2')
insert into Temporada(Temporada,Episodios,SerieID) values ('1','11','3')
insert into Temporada(Temporada,Episodios,SerieID) values ('2','13','3')
insert into Temporada(Temporada,Episodios,SerieID) values ('3','8','3')
insert into Temporada(Temporada,Episodios,SerieID) values ('4','8','3')
insert into Temporada(Temporada,Episodios,SerieID) values ('1','8','4')
insert into Temporada(Temporada,Episodios,SerieID) values ('1','9','5')
insert into Temporada(Temporada,Episodios,SerieID) values ('2','10','5')
insert into Temporada(Temporada,Episodios,SerieID) values ('3','10','5')
insert into Temporada(Temporada,Episodios,SerieID) values ('4','20','5')
insert into Temporada(Temporada,Episodios,SerieID) values ('5','20','5')
insert into Temporada(Temporada,Episodios,SerieID) values ('6','20','5')
insert into Temporada(Temporada,Episodios,SerieID) values ('1','15','6')
insert into Temporada(Temporada,Episodios,SerieID) values ('2','16','6')
insert into Temporada(Temporada,Episodios,SerieID) values ('3','10','6')
insert into Temporada(Temporada,Episodios,SerieID) values ('1','13','7')
insert into Temporada(Temporada,Episodios,SerieID) values ('2','22','7')
insert into Temporada(Temporada,Episodios,SerieID) values ('3','24','7')
insert into Temporada(Temporada,Episodios,SerieID) values ('4','22','7')
insert into Temporada(Temporada,Episodios,SerieID) values ('5','22','7')
insert into Temporada(Temporada,Episodios,SerieID) values ('6','25','7')
insert into Temporada(Temporada,Episodios,SerieID) values ('7','25','7')
insert into Temporada(Temporada,Episodios,SerieID) values ('8','25','7')
insert into Temporada(Temporada,Episodios,SerieID) values ('9','25','7')
insert into Temporada(Temporada,Episodios,SerieID) values ('10','23','7')
insert into Temporada(Temporada,Episodios,SerieID) values ('11','22','7')
insert into Temporada(Temporada,Episodios,SerieID) values ('12','21','7')
insert into Temporada(Temporada,Episodios,SerieID) values ('13','22','7')
insert into Temporada(Temporada,Episodios,SerieID) values ('14','22','7')
insert into Temporada(Temporada,Episodios,SerieID) values ('15','22','7')
insert into Temporada(Temporada,Episodios,SerieID) values ('16','21','7')
insert into Temporada(Temporada,Episodios,SerieID) values ('17','22','7')
insert into Temporada(Temporada,Episodios,SerieID) values ('18','22','7')
insert into Temporada(Temporada,Episodios,SerieID) values ('19','20','7')
insert into Temporada(Temporada,Episodios,SerieID) values ('20','21','7')
insert into Temporada(Temporada,Episodios,SerieID) values ('21','23','7')
insert into Temporada(Temporada,Episodios,SerieID) values ('22','22','7')
insert into Temporada(Temporada,Episodios,SerieID) values ('23','22','7')
insert into Temporada(Temporada,Episodios,SerieID) values ('24','22','7')
insert into Temporada(Temporada,Episodios,SerieID) values ('25','22','7')
insert into Temporada(Temporada,Episodios,SerieID) values ('26','22','7')
insert into Temporada(Temporada,Episodios,SerieID) values ('27','22','7')
insert into Temporada(Temporada,Episodios,SerieID) values ('28','22','7')
insert into Temporada(Temporada,Episodios,SerieID) values ('29','21','7')
insert into Temporada(Temporada,Episodios,SerieID) values ('30','23','7')
insert into Temporada(Temporada,Episodios,SerieID) values ('31','22','7')
insert into Temporada(Temporada,Episodios,SerieID) values ('32','22','7')
insert into Temporada(Temporada,Episodios,SerieID) values ('1','10','8')
insert into Temporada(Temporada,Episodios,SerieID) values ('2','10','8')
insert into Temporada(Temporada,Episodios,SerieID) values ('3','10','8')
insert into Temporada(Temporada,Episodios,SerieID) values ('4','10','8')
insert into Temporada(Temporada,Episodios,SerieID) values ('5','10','8')
insert into Temporada(Temporada,Episodios,SerieID) values ('6','10','8')
insert into Temporada(Temporada,Episodios,SerieID) values ('7','7','8')
insert into Temporada(Temporada,Episodios,SerieID) values ('8','6','8')
insert into Temporada(Temporada,Episodios,SerieID) values ('1','22','9')
insert into Temporada(Temporada,Episodios,SerieID) values ('2','22','9')
insert into Temporada(Temporada,Episodios,SerieID) values ('3','23','9')
insert into Temporada(Temporada,Episodios,SerieID) values ('4','22','9')
insert into Temporada(Temporada,Episodios,SerieID) values ('5','22','9')
insert into Temporada(Temporada,Episodios,SerieID) values ('6','22','9')
insert into Temporada(Temporada,Episodios,SerieID) values ('7','19','9')
insert into Temporada(Temporada,Episodios,SerieID) values ('8','13','9')
insert into Temporada(Temporada,Episodios,SerieID) values ('1','8','10')
insert into Temporada(Temporada,Episodios,SerieID) values ('2','9','10')
insert into Temporada(Temporada,Episodios,SerieID) values ('3','8','10')
insert into Temporada(Temporada,Episodios,SerieID) values ('4','9','10')

--Historico Series
insert into HistoricoS(IDRegisto,Username,SerieID,SerieNome,Temporada,Episodio,Visto,QuerVer,AVer) values (13,'aninhasgameplays',9,'The Black List',1,18,0,0,1)
insert into HistoricoS(IDRegisto,Username,SerieID,SerieNome,Temporada,Episodio,Visto,QuerVer,AVer) values (13,'aninhasgameplays',2,'Ragnarok',0,0,0,1,0)
insert into HistoricoS(IDRegisto,Username,SerieID,SerieNome,Temporada,Episodio,Visto,QuerVer,AVer) values (11,'Ronaldo',9,'The Walking Dead',10,22,1,0,0)
insert into HistoricoS(IDRegisto,Username,SerieID,SerieNome,Temporada,Episodio,Visto,QuerVer,AVer) values (11,'Ronaldo',9,'The Black List',2,6,0,0,1)
insert into HistoricoS(IDRegisto,Username,SerieID,SerieNome,Temporada,Episodio,Visto,QuerVer,AVer) values (11,'Ronaldo',9,'La casa de papel',0,0,0,1,0)

--Registo 
insert into Registo(Username,Password,Email) values ('Ronaldo','Ronaldo71','ronaldoribalonga@gmail.com')
insert into Registo(Username,Password,Email) values ('aninhasgameplays','Batatas24','aninhagamegays@gmail.com')